<application>
  <component name="MavenWrapperMapping">
    <option name="mapping">
      <map>
        <entry key="https://repo.maven.apache.org/maven2/org/apache/maven/apache-maven/3.6.3/apache-maven-3.6.3-bin.zip" value="C:\Users\Dobri\.m2\wrapper\dists\apache-maven-3.6.3-bin\1iopthnavndlasol9gbrbg6bf2\apache-maven-3.6.3" />
        <entry key="https://repo.maven.apache.org/maven2/org/apache/maven/apache-maven/3.9.0/apache-maven-3.9.0-bin.zip" value="C:\Users\Dobri\.m2\wrapper\dists\apache-maven-3.9.0-bin\7u41pcsb933vr4m6u83d7ofakm\apache-maven-3.9.0" />
        <entry key="https://repo.maven.apache.org/maven2/org/apache/maven/apache-maven/3.9.2/apache-maven-3.9.2-bin.zip" value="C:\Users\Dobri\.m2\wrapper\dists\apache-maven-3.9.2-bin\5aq6rqcntpmkk4aam7p0t6i219\apache-maven-3.9.2" />
      </map>
    </option>
  </component>
</application>